gstin,legal_name,trade_name,state_code,registration_date,status,annual_turnover
08AHFTR8040G1ZH,Khurana and Sons,Ltd,33,01-03-2021,Cancelled,19246390
36FQOFP8086K1ZI,"Varughese, Behl and Manne",and Sons,10,25-04-2022,Active,414897789
22CJJIG0419C1ZR,"Chadha, Sarma and Hora",LLC,19,18-08-2023,Cancelled,480373285
24PSBFH0212U1ZL,"Walla, Chanda and Khosla",LLC,11,14-07-2021,Active,195734506
14RSRBQ5242U1ZW,Sengupta LLC,Ltd,36,16-05-2022,Active,372549477
21VUFAI2298K1ZG,Sarna LLC,and Sons,32,21-01-2022,Active,479960649
30DDTOT4539E1ZQ,Rau-Chhabra,Ltd,32,24-07-2024,Active,410757457
04WDERP3542R1ZA,"Dugar, Mitra and Bhat",Inc,8,20-02-2022,Suspended,408124450
18TIHEA7797Q1ZD,"Sachdev, Raval and Bora",LLC,20,15-07-2021,Suspended,331938392
13DTOUN0309Z1ZJ,Nadig-Karan,Inc,16,27-04-2024,Active,134316949
37YCMBT7145I1ZQ,Misra-Subramaniam,PLC,28,20-01-2023,Active,294532383
13SKRJX4200R1ZH,Pillai LLC,Group,15,18-10-2024,Active,43114122
04FXWBG6219S1ZS,Varty-Arya,Ltd,31,03-05-2022,Active,426239347
31UECLL4769D1ZB,Aggarwal LLC,Inc,26,27-04-2021,Active,434814830
07GELKH2948R1ZD,Modi-Raghavan,LLC,4,02-08-2023,Suspended,453838894
01ZYWEM2403M1ZI,"Kade, Wali and Chokshi",and Sons,30,22-08-2023,Active,232100413
36RMEFB7030P1ZQ,"Kar, Palla and Kaur",Ltd,34,27-12-2021,Active,35536988
33CEPRG1825T1ZC,Wali Ltd,PLC,27,17-01-2022,Cancelled,308453894
34IGRIG1649C1ZA,Toor-Chana,LLC,30,31-08-2024,Cancelled,307254908
07BFGYW8318W1ZJ,Shanker-Kunda,Ltd,34,25-08-2023,Active,363556326
36HRYDD1526W1ZK,Luthra Group,Group,14,13-03-2024,Active,276339422
32GXBQV0319F1ZX,Mangat-Keer,PLC,29,27-10-2022,Suspended,383852327
28OCYRD0354B1ZJ,"Choudhry, Shere and Bera",Inc,24,18-05-2024,Active,487606488
23FGCUW4619F1ZZ,Balan-Bedi,Group,12,07-09-2022,Active,18307079
12TIYUW8271B1ZP,Mallick-Ahluwalia,Group,15,06-06-2023,Active,443401594
30JVWFR3207L1ZU,Basak-Chhabra,Group,33,29-01-2024,Active,369813509
35IAWGP9053Z1ZK,"Narang, Sehgal and Pai",Ltd,28,26-09-2021,Cancelled,279568165
08KOGSA9577V1ZG,Chakraborty-Venkatesh,Ltd,24,29-01-2024,Active,42566901
22QRDXN6365G1ZN,Bhattacharyya-Ben,and Sons,25,30-11-2024,Active,335452053
37HOAHL5644G1ZQ,Roy LLC,LLC,31,18-07-2024,Active,358717803
06HRQCY2381B1ZH,"Agrawal, Mital and Nazareth",Ltd,31,14-09-2024,Cancelled,461199451
05LXOSJ3168Y1ZD,Taneja-Chanda,PLC,28,02-03-2022,Active,99428441
34MOXDD4553Y1ZO,Parikh-Ranganathan,Ltd,33,12-06-2022,Active,450908426
36LEWLT8274H1ZI,"Kibe, Sankar and Tailor",Group,29,08-03-2024,Active,388081483
19GIXCD3124K1ZR,Das-Venkataraman,and Sons,30,01-08-2021,Active,38428651
14VKUYA8549J1ZY,"Arora, Dutt and Ganguly",LLC,25,24-09-2021,Active,293954965
35UXMHM3677O1ZE,Raja-Varughese,Ltd,35,31-08-2021,Active,491903727
26PRCLW1234K1ZY,Savant LLC,and Sons,25,10-10-2022,Active,408732199
27GCAOZ3676Y1ZA,Dube-Narain,PLC,16,13-07-2021,Active,455557559
02QGMCY4236X1ZW,"Sethi, Misra and Varty",and Sons,8,12-05-2022,Active,171987748
07PYOXJ9158H1ZD,Dara-Rana,Ltd,20,13-08-2023,Cancelled,437464533
08UOBNR0604P1ZD,"Kota, Bora and Swaminathan",Ltd,28,30-05-2021,Active,346227155
30SLTZH8544X1ZS,Bedi LLC,Group,18,09-03-2022,Active,462260020
16VCWGM6308F1ZP,"Modi, Subramaniam and Chakraborty",Group,14,09-06-2024,Active,433332987
17IWSHA9074Y1ZH,"Buch, Radhakrishnan and Taneja",Ltd,31,26-08-2024,Active,245611877
02CFRHP4547K1ZL,Jha-Oza,PLC,30,02-03-2022,Active,169616964
17FSITY6172S1ZY,Thakkar-Shukla,PLC,34,04-06-2024,Cancelled,156933769
07VHJHS1002E1ZU,"Datta, Raval and Viswanathan",PLC,32,12-11-2023,Active,473537842
01OMLEB9484C1ZS,Rajan Ltd,Ltd,4,28-04-2023,Active,85099841
37YCGOK5673O1ZJ,Tripathi Ltd,Inc,28,15-04-2024,Active,310280620
04PTYFF6110A1ZN,Iyer-Saini,LLC,29,26-01-2025,Cancelled,257282341
19AHHWB2275Z1ZG,Lal-More,LLC,28,08-12-2021,Active,297359702
15QXVBE3752D1ZO,Prashad-Palan,PLC,20,06-02-2023,Active,151161060
33OLPXT6026S1ZS,"Talwar, Jani and Trivedi",Ltd,2,04-02-2022,Active,314370245
03TENLH9489P1ZL,Mohanty Group,Group,27,04-08-2023,Active,177366839
07WISHY8543K1ZD,Kaur PLC,Ltd,26,02-08-2023,Suspended,447879417
01ROKEJ7672R1ZE,"Raj, Rajan and Karan",Ltd,19,10-01-2025,Active,477900924
32DZPGE5509D1ZO,"De, Palan and Deshmukh",and Sons,8,20-02-2024,Active,272563311
19NHVZG5395E1ZC,"Vaidya, Yadav and Dewan",Ltd,18,28-09-2022,Active,187469129
33GASVP6844K1ZR,Mandal PLC,LLC,35,24-09-2023,Active,249461278
21WZGJW4349M1ZM,Hora LLC,Ltd,10,09-04-2024,Active,24874754
09NPWWL5474U1ZE,Sidhu-Datta,Ltd,5,17-02-2025,Active,424578193
17ISQWW8337Y1ZP,Dar PLC,LLC,35,30-10-2021,Active,336496025
05GRHFC9771F1ZW,"Ramesh, Ramesh and Borah",LLC,20,16-04-2023,Active,29691212
21UHJDN5710M1ZT,Bajaj-Aggarwal,Group,16,13-06-2024,Active,495071347
10GQLRX4250L1ZS,Sangha-Savant,and Sons,20,08-10-2024,Active,375609245
17LHZWC3326A1ZV,Suri Inc,Ltd,26,22-04-2022,Active,9347562
37WUZXT8972Z1ZL,Cherian-Dâ€™Alia,Ltd,15,29-07-2023,Active,338338407
17RSRVQ9634S1ZL,Sura-Wagle,Ltd,9,08-05-2023,Active,493352715
19IKFUW3521P1ZZ,"Bawa, Goda and Dey",Group,19,27-07-2023,Active,436769059
08MBTFR6385C1ZZ,"Rajagopalan, Ahluwalia and Barman",LLC,26,27-11-2024,Active,146980118
35DJTGJ6364T1ZR,Varkey-Bhasin,Inc,21,16-12-2021,Cancelled,123845609
05QMSQD0091H1ZR,"Chanda, Sagar and Jaggi",Ltd,9,14-12-2024,Active,248548136
24RTYKT1404N1ZI,"Kale, Dhillon and Borde",PLC,3,31-07-2023,Active,121645773
29LGJZJ9602D1ZO,Sachdeva Inc,and Sons,6,20-01-2022,Active,349512462
02BIZUF8558H1ZK,"Khare, Sekhon and Bhagat",Group,10,25-03-2021,Cancelled,6522324
18WDDGE6007H1ZS,Kaur LLC,Ltd,21,29-05-2023,Active,98547717
17BTNTM7515T1ZB,Sachdeva-Sarkar,Group,34,07-01-2023,Active,250909704
02BMKRM9006C1ZE,"Bhattacharyya, Misra and Mander",Inc,18,07-08-2024,Cancelled,344880479
36SJPHN4716Y1ZR,"Bakshi, Mane and Ahluwalia",Group,14,19-06-2022,Active,247426696
15KVKSI3296P1ZC,"Ramaswamy, Grewal and Kunda",LLC,6,12-08-2024,Active,55052528
28CTVOP5313V1ZY,Raju-Chaudry,Inc,28,01-10-2023,Active,159419861
20JPFRF1837S1ZH,Mitra and Sons,Inc,28,24-04-2022,Suspended,417012202
36AYVGE7330E1ZS,"Chander, Mane and Pathak",Ltd,26,07-01-2024,Active,81168372
02CNJLE3395B1ZE,Wason Ltd,and Sons,11,18-09-2023,Cancelled,31716032
06HRMLH7142V1ZS,Mishra-Kaul,Ltd,32,08-05-2021,Suspended,363164066
20BKPAH2123A1ZP,Dixit-Bath,Inc,28,13-03-2022,Active,74356047
25NFORJ3744C1ZK,Sachdev Inc,and Sons,37,13-11-2021,Active,312841611
26SKCAI8689C1ZN,Virk-Mohanty,Inc,7,15-03-2022,Active,238902053
26NKIII1515Y1ZL,"Jayaraman, Pillai and Natt",LLC,23,26-02-2024,Active,131845872
07DFPTR1747Y1ZS,Chauhan LLC,PLC,29,16-03-2024,Cancelled,350203611
21WQDBL3205J1ZO,"Bhat, Kunda and Mahal",Ltd,29,12-10-2023,Active,35542614
24VBWWP5457B1ZO,Borah Ltd,and Sons,37,27-03-2022,Active,177618367
31NYLVV9060W1ZO,Swamy Group,Group,29,18-07-2021,Suspended,285648212
11JXKUR0633R1ZV,Ben Ltd,and Sons,25,03-08-2021,Active,140289207
10IPDJZ6359J1ZR,"Agate, Bhasin and Shankar",Inc,25,05-10-2023,Active,441575256
09RVTRN6433F1ZG,Kala and Sons,and Sons,22,10-07-2021,Active,108082025
15ZEHUN5756Y1ZT,"Rajan, Babu and Barman",PLC,9,08-05-2021,Cancelled,207249940
10EVUVE4462O1ZT,Das-Lata,PLC,19,27-07-2023,Active,130629374
35GZUXF6547Y1ZM,"Nagar, Dutt and Rajan",Ltd,33,23-10-2024,Suspended,229766817
11VUDGQ8518D1ZJ,"Pandey, Palla and Badami",Inc,6,12-09-2022,Active,151453713
29XDLYF4300Q1ZL,Parikh-Krishna,LLC,16,15-02-2024,Active,48811585
24FICSI1094E1ZY,Bumb-Tiwari,Group,31,13-10-2024,Active,335362580
01XAFDY6472D1ZB,Chadha-Raman,PLC,16,05-09-2021,Active,348034598
30BVMNQ5720L1ZH,"Banik, Prasad and Ahuja",Ltd,37,26-02-2023,Active,105563388
06NJYOU5080M1ZL,"Desai, Bhakta and Ahluwalia",LLC,17,04-05-2021,Active,196713312
05ITQUT3058F1ZY,"Nadig, Taneja and Walla",PLC,30,13-03-2021,Active,344160602
12VBULH0109Q1ZM,Chakrabarti-Arya,and Sons,35,06-06-2021,Active,140996793
03TEJUW3138X1ZO,"Peri, Dutta and Barad",LLC,25,31-12-2022,Active,105296728
32RJUGC4491J1ZK,Purohit-Palla,PLC,7,25-07-2024,Active,181050658
19HPLRJ0839I1ZU,Batra Group,PLC,4,08-11-2021,Active,365339106
26JURYD6700Y1ZU,Gala-Modi,Group,24,16-02-2023,Active,210543388
37ADLJL0133I1ZH,"Chakrabarti, Majumdar and Jain",Ltd,8,23-08-2023,Active,399962433
12MKOGG4929P1ZG,Chopra Group,Inc,8,03-02-2022,Active,462857629
05LXLCR8330R1ZJ,Wadhwa Group,Inc,20,08-02-2024,Active,387149600
12UNDFD7053Z1ZR,Kaul LLC,Group,9,08-04-2021,Cancelled,479726197
06BKSMK4513C1ZO,Dasgupta Inc,Ltd,30,30-08-2022,Suspended,189959964
09WUQEZ4901E1ZJ,Dugal-Sule,Ltd,11,24-06-2023,Active,178227168
15IYXVG6513R1ZC,Chhabra-Tandon,Inc,33,07-06-2023,Active,322724738
10EQXIY0809Y1ZS,Puri-Rajagopal,LLC,17,06-01-2025,Active,416757976
37KQMQH9486J1ZO,Narayan Inc,Ltd,5,11-10-2024,Active,89868795
29KMIDW3933Y1ZL,"Pradhan, Bhardwaj and Sekhon",Inc,33,30-09-2023,Suspended,62007067
21GDLDB9849F1ZK,"Mistry, Sangha and Sura",and Sons,37,22-12-2023,Active,106916406
11MNMIA9592L1ZB,Gola LLC,and Sons,4,14-02-2023,Active,270694302
31HACDG3400R1ZG,"Ravi, Sangha and Bhavsar",LLC,24,13-09-2023,Suspended,159941858
05KLOVQ6103K1ZR,Sathe and Sons,Ltd,24,09-10-2023,Active,111868386
33KBBSU5181T1ZK,"Gala, Ranganathan and Shenoy",PLC,11,11-08-2023,Active,335981179
20PNNMO4031N1ZS,"Shetty, Lata and Tak",PLC,20,23-02-2024,Active,325463409
31GRZPF0457Y1ZM,"Keer, Sama and Choudhary",Inc,10,18-03-2022,Active,21949288
37YCAID6479X1ZX,Bal Group,and Sons,4,14-11-2021,Active,283465928
14OZMJY4556X1ZV,Salvi-Ahuja,PLC,17,21-04-2022,Cancelled,264942214
13YHHYZ7764P1ZL,"Char, Sandal and Bhagat",PLC,36,27-01-2023,Active,159505744
08OOXKI7109C1ZL,Badal-Bassi,and Sons,29,14-03-2022,Active,406224300
31FVHOH1720Q1ZH,Tiwari-Sura,Ltd,15,29-10-2021,Active,58793369
27IMRDZ9168P1ZP,Patla-Sanghvi,LLC,13,29-09-2024,Active,177425598
19QXCON7991F1ZB,Vohra-Chakraborty,PLC,26,17-07-2022,Active,105025292
19WAOCZ2954E1ZQ,"Shan, Som and Ramesh",Ltd,30,17-06-2024,Active,108514831
08ITQSA3261T1ZU,"Jain, Sahota and Dass",Group,26,10-12-2023,Active,281639198
21CREDI2227K1ZJ,Sabharwal Ltd,Inc,37,22-07-2022,Active,145420279
24SBDHK5873D1ZU,Patla-Oak,Group,19,30-10-2023,Active,334974525
15FDDTP4545V1ZG,"Soni, Naik and Pandey",PLC,16,28-11-2024,Cancelled,473760814
06NNJXC8925F1ZK,Verma and Sons,and Sons,34,11-08-2022,Active,67405885
14SMXLB1455V1ZZ,Mammen PLC,Ltd,20,10-03-2021,Active,217573345
17VTPBI0990P1ZB,Sengupta-Naidu,Inc,19,26-11-2023,Active,101626737
09TZQKZ3893V1ZV,Pathak Group,Group,35,08-06-2024,Active,355863445
23DZKDZ8794X1ZR,Tandon-Baral,Inc,28,01-07-2021,Suspended,208622503
15GJHYS1847A1ZH,"Kunda, Narula and Lalla",PLC,14,29-11-2021,Active,59168509
03LRWGB4577E1ZQ,"Sabharwal, Dhar and Apte",and Sons,19,11-04-2022,Active,442971910
37IPRIH1623B1ZR,"Pillay, Sharaf and Tripathi",Inc,12,03-03-2022,Active,303420054
32BIQJN6421R1ZP,Biswas-Sahota,Inc,16,22-03-2021,Active,166456632
10UXOZO1226O1ZL,"Lalla, Deep and Oommen",PLC,6,23-10-2023,Suspended,394008452
13BJPBB8562G1ZK,Narain-Bahri,Group,20,13-04-2021,Active,118713431
13ZDZMG6295Y1ZJ,Sehgal PLC,Ltd,25,03-11-2021,Active,291501230
23IJWMU7732K1ZN,"Padmanabhan, Doshi and Dhar",and Sons,3,03-04-2024,Cancelled,468902019
15TAOPS2125H1ZP,Jha and Sons,Inc,36,10-03-2024,Active,143151249
32ZQMEU1749R1ZU,Badal-Dar,Ltd,4,05-01-2023,Suspended,23158991
05YRTKV2705L1ZB,Doctor-Mall,PLC,31,03-09-2024,Active,13445928
01NKASN2564F1ZD,Murty-Gupta,PLC,7,21-03-2023,Suspended,84938730
16ENVGK3459H1ZJ,Andra-Khare,and Sons,6,09-07-2021,Active,55197700
26JOBAE4475D1ZQ,Chaudhari-Gaba,Ltd,3,23-11-2023,Active,118503666
37MBBYX5093G1ZS,Madan LLC,PLC,10,03-02-2024,Active,46305501
20EGVKX3719X1ZC,Rajagopalan-Jhaveri,Group,33,20-08-2023,Active,33828053
07LVITY3702O1ZP,Ramakrishnan and Sons,Ltd,15,04-09-2023,Active,301909865
25LRRCQ7701W1ZZ,Gulati LLC,and Sons,10,01-11-2022,Active,175015331
24CAIJH1145N1ZD,Chowdhury-Trivedi,PLC,2,24-02-2022,Active,195006285
36CPIKH3099H1ZS,Dani LLC,Ltd,34,11-09-2021,Active,372926222
25EGGDE2273H1ZX,"Batra, Divan and Garg",Inc,32,13-01-2022,Cancelled,336071537
13LDAKV3844U1ZT,"Madan, Vala and Majumdar",and Sons,9,23-05-2022,Active,177155793
13MEKIT6973I1ZZ,Devi Group,PLC,26,31-10-2023,Active,66143059
37FZETA7927W1ZC,Yogi-Bawa,LLC,27,06-11-2023,Active,79721220
20GRSUB9445W1ZN,Walia-Garde,and Sons,35,14-09-2022,Active,429515059
24SVPXC2616S1ZU,Hari-Mukherjee,Group,26,24-08-2021,Active,432473296
28CCFTO6234V1ZS,Swamy LLC,Ltd,33,12-10-2023,Active,190202955
02MHXCV7337Q1ZP,Issac PLC,Group,23,02-05-2021,Active,57410967
29SLBBS0318X1ZH,"Gala, Naidu and Sundaram",Inc,34,08-04-2021,Active,301304583
11ILMUQ1637G1ZO,"Raghavan, Dugar and Swaminathan",Inc,28,18-12-2023,Active,7389097
14FTVBC8134I1ZV,"Jhaveri, Hayer and Raja",PLC,32,29-08-2024,Suspended,348118808
21PPPJV6872T1ZS,Wable Ltd,PLC,6,28-05-2021,Active,173140317
08GDJDK5544R1ZW,"Deshpande, Jain and Rau",Group,12,19-09-2023,Suspended,94585245
32HEVQW9413R1ZQ,Ghose-Jha,LLC,32,10-04-2021,Active,372593726
32KVMCA7225F1ZY,Chauhan Ltd,Ltd,30,24-03-2021,Cancelled,403636450
32OCCUV3807R1ZG,"Chad, Murthy and Verma",Group,28,23-02-2023,Active,400130922
16HZLJV4972Z1ZX,Rajagopal LLC,Ltd,23,25-05-2022,Cancelled,344716144
28EDFFB3253W1ZJ,Seshadri-Kapoor,Inc,19,29-10-2022,Cancelled,148528713
33ZRCZU9981E1ZH,Bhakta-Butala,and Sons,10,07-04-2023,Active,449787782
16TRMPG4468C1ZM,Murthy Ltd,Ltd,33,11-07-2021,Active,377966160
24LMPWW0966C1ZZ,Dani-Batta,PLC,35,16-03-2023,Active,121946553
28VMIHO1878Y1ZB,Aggarwal-Sani,and Sons,3,10-08-2022,Active,341177570
30AYELZ4998J1ZF,Sami LLC,Group,18,30-08-2024,Active,356429239
24GJXEK3626W1ZD,"Shetty, Aggarwal and Sampath",Inc,1,31-12-2023,Active,260983655
05DFRAS8941C1ZH,"Wagle, Sundaram and Virk",Group,25,12-02-2025,Active,397325600
07CJHJV8660S1ZA,Chaudhari LLC,PLC,11,13-07-2022,Active,193542471
14QDKRW0175M1ZL,Gole and Sons,LLC,28,09-02-2025,Active,429706048
09GQGPS2908J1ZG,"Gokhale, Bumb and Gole",Group,34,17-10-2023,Cancelled,278547847
13THBXY4145Q1ZA,"Nagi, Prasad and Narayan",Inc,24,23-12-2022,Active,75857771
25WOJRT9700I1ZG,Das and Sons,LLC,3,16-06-2022,Active,428746840
26NQNKS0562J1ZC,Sen Ltd,PLC,33,05-02-2022,Active,438823955
10NKQVR0678B1ZH,"Varma, Vora and Edwin",Ltd,6,19-12-2024,Active,67269823
30PBRRE0104L1ZQ,Chakrabarti-Bail,Group,34,15-09-2021,Active,94637552
24DUGXU0820W1ZS,"Deshpande, Gour and Chaudhary",Ltd,5,18-01-2025,Active,249382446
33JMOJG1572Q1ZA,Kanda and Sons,LLC,3,09-03-2021,Active,136292560
03MJDYW5974K1ZH,Walla Inc,Inc,27,26-01-2025,Active,150630507
05ODRBF5048J1ZY,Kapoor-Sabharwal,LLC,20,16-02-2025,Active,51377872
36LJHUT2399Y1ZG,Karnik and Sons,and Sons,35,13-01-2023,Active,85834710
01YAOQS0373X1ZX,Badami-Koshy,and Sons,20,02-01-2024,Active,115162888
34ZKYZD2028N1ZW,Narain-Patil,Group,24,13-05-2021,Active,406525434
06PNQKP0612K1ZZ,"Luthra, Arya and Mital",PLC,26,23-04-2023,Active,175755937
29HBFUP1144R1ZL,Balan Group,and Sons,14,25-09-2023,Active,170521444
30GDERV6083C1ZW,Gandhi Ltd,LLC,16,28-12-2022,Active,217732125
33BHVEY8550D1ZZ,"Kar, Yogi and Sawhney",LLC,9,09-12-2023,Active,11419325
04VZDVJ6652C1ZA,Ravi and Sons,Inc,5,09-05-2024,Active,489523892
29VCWVD9094X1ZM,"Soni, Bhatnagar and Bahri",Inc,32,14-11-2021,Active,210476303
28EFEHW0622N1ZR,Din Group,Ltd,31,19-10-2022,Active,52095148
18JKQUG9503W1ZL,"Contractor, Loyal and Grover",LLC,31,30-01-2025,Suspended,424529778
32IOIHA5082Z1ZP,"Rau, Chander and Dani",Inc,34,23-10-2021,Active,416695255
15ZCRGV9092Z1ZM,Guha PLC,and Sons,23,10-11-2024,Active,99543166
16PUSXA7955G1ZZ,Chawla LLC,LLC,32,16-03-2022,Suspended,170921606
12MCGFN0921W1ZF,"Setty, Soni and Atwal",Group,21,08-05-2023,Active,16764398
10PXUWW9393D1ZK,Nazareth and Sons,Inc,20,07-05-2022,Active,78256928
11TLQMI7586L1ZH,Deo-Ramachandran,Group,12,23-10-2022,Active,169724465
19DSYYK9906Z1ZT,Walla-Loke,Ltd,15,13-06-2023,Cancelled,60893753
32DTGZE8076K1ZO,Gade-Dube,and Sons,1,28-07-2024,Active,117573393
16SJUSB4414M1ZL,Pathak-Munshi,Inc,35,21-08-2024,Active,59454041
31UPTFL7002D1ZC,Bawa and Sons,PLC,22,18-07-2022,Active,481704470
25EBYZI9874U1ZF,Bhalla-Krishnamurthy,Group,28,27-08-2024,Active,33752520
07IZKOY5620M1ZS,Behl Group,Inc,36,20-09-2022,Active,87457968
04JLHRP1012C1ZP,Sachar PLC,Inc,8,24-02-2023,Active,426377403
26MXGQK3310O1ZO,Morar and Sons,Ltd,17,20-08-2023,Active,454403235
18ODSCR8472B1ZM,"Contractor, Bhavsar and Bala",Inc,34,16-06-2023,Active,292502109
31OGHKW0555T1ZE,Majumdar Ltd,PLC,8,16-05-2024,Active,97813690
11ZVDLZ4968I1ZK,"Chad, Andra and Nayar",and Sons,5,01-01-2023,Active,213359147
36KIHLW7654N1ZE,Peri-Pandey,Inc,10,17-05-2024,Cancelled,320644735
07YOCHN3434T1ZP,"Sood, Ganesan and Yohannan",LLC,3,03-11-2022,Active,152861841
26DPSBX3279L1ZA,Bhattacharyya-Deep,Group,22,26-06-2023,Active,171939635
18VWRZF3773X1ZN,Srinivas Ltd,and Sons,6,26-12-2023,Active,242144795
14XKMNJ0707M1ZE,"Mane, Pillai and Raj",and Sons,34,22-08-2022,Cancelled,20541424
12FVVGL9728Q1ZM,"Tara, Ramakrishnan and Murthy",and Sons,8,29-05-2022,Active,134889527
24MLYMO3828C1ZJ,Sharma-Tak,Ltd,2,17-03-2022,Active,31656203
11WUFFF2658Y1ZV,Karnik Ltd,Ltd,1,23-03-2023,Active,494366127
09QPAGU3964M1ZL,Mani-Kaul,Inc,30,24-12-2022,Active,122150095
30HNQPA9985T1ZT,"Dar, Dalal and Prakash",Ltd,19,28-06-2022,Active,372441505
07MIHIH6961Q1ZY,Sandal-Wason,LLC,16,10-12-2022,Active,437411843
26RRSRZ2430W1ZS,Pau-Comar,Inc,13,21-06-2021,Active,395063493
15RQMYJ3165J1ZD,Karpe and Sons,Ltd,31,02-03-2021,Active,402777803
17SOXYX6228N1ZZ,Bhavsar-Parikh,PLC,22,31-03-2024,Active,144886672
19MDBQP6411V1ZM,"Walia, Sankar and Suri",and Sons,34,13-02-2025,Active,226785269
04WDZIZ8918F1ZY,Ramesh-Bajwa,Ltd,6,24-10-2023,Active,183579072
12IBLFU5177E1ZT,Patel and Sons,Ltd,28,06-03-2022,Active,221570227
28ZJAFJ0381V1ZA,Sant-Ghosh,Inc,16,22-04-2022,Active,377333263
23ICNHB0945Q1ZK,Chand and Sons,PLC,28,26-09-2021,Active,189003289
32JEYXK2717S1ZQ,"Shukla, Gala and Gour",Ltd,11,25-03-2024,Active,201812287
03JQUQP0180D1ZN,"Handa, Brahmbhatt and Balakrishnan",LLC,29,14-09-2024,Active,71354595
36GSFRA4156W1ZE,"Chada, Dyal and Dara",PLC,27,12-09-2024,Active,279654988
08HUMPU8934F1ZB,Sampath Group,PLC,36,29-03-2024,Active,493743993
14RMGAC1549Y1ZQ,"Joshi, Wali and Khalsa",Inc,5,09-11-2022,Active,490749735
17QLZGB8883V1ZK,"Ray, Wason and Kibe",LLC,28,22-08-2021,Active,56001913
03ADQIX9273K1ZF,Singhal-Issac,Group,8,30-04-2023,Active,219882702
30HKWUQ7160F1ZD,Saxena PLC,Ltd,27,21-01-2023,Cancelled,264134085
37REJJA6891P1ZD,Suri and Sons,Group,27,03-04-2023,Active,29681207
05GISRT5596K1ZQ,Mittal PLC,Group,34,15-02-2025,Cancelled,56132734
28RGIRK8590U1ZF,Prabhu-Om,LLC,33,30-09-2024,Active,462344840
32WBMGZ0264H1ZC,Devan and Sons,Group,30,24-03-2021,Active,435173876
37LWLDM6145A1ZC,"Dube, Gaba and Halder",Ltd,20,01-01-2025,Suspended,306900000
14RLIVV8375W1ZV,Borah-Bahl,Ltd,24,27-05-2023,Active,66215826
07TFIVZ2570F1ZP,Ghosh-Sura,Group,9,03-05-2021,Active,62424522
17PEYKL7714U1ZV,Wable Inc,LLC,8,08-09-2021,Active,250558247
33DMNBY8459F1ZW,Goswami Inc,Group,12,19-07-2023,Active,60595111
25RPIWK6623K1ZJ,Dara Ltd,and Sons,29,01-03-2022,Active,79184826
27PXNVO3752G1ZT,"Ray, Hayre and Subramaniam",PLC,19,20-11-2021,Active,499561060
09ZQYNS3134S1ZV,Sen-Parikh,PLC,27,24-08-2023,Suspended,158506413
28VNADR1712I1ZE,Joshi LLC,LLC,4,10-12-2024,Active,114522149
35AVCWT8752Z1ZZ,"Desai, Chand and Bajaj",Inc,19,16-04-2024,Active,209860615
25KURZB7288O1ZH,"Pal, Hari and Dewan",PLC,24,19-12-2023,Cancelled,298461767
13UZHER1153N1ZI,"Gulati, Pillai and Brar",Ltd,36,16-12-2021,Active,74828937
11PGISE1309T1ZV,Suri Group,Group,20,15-06-2021,Active,429078726
37OBSNY5715M1ZC,Varughese and Sons,PLC,23,14-04-2021,Active,479270013
14RIHYQ4576D1ZV,Kamdar-Dalal,and Sons,23,14-11-2024,Active,134035782
16YRIXY3529Y1ZL,Cherian-Upadhyay,Group,33,03-07-2021,Suspended,244206539
32BXFNY1950C1ZG,Bhattacharyya Group,Ltd,14,08-05-2022,Active,453644272
07FVWTL8060W1ZK,Varughese Ltd,PLC,3,20-09-2023,Active,44324737
04EGBVX4443M1ZV,Bora and Sons,and Sons,8,04-03-2023,Suspended,8166960
05TPSBY1730Y1ZO,Chand-Srinivasan,Inc,25,21-05-2024,Active,446373586
02MNDKU5916Z1ZX,"Khurana, Chacko and Balan",LLC,24,09-11-2022,Active,302171032
36DBOKO0277G1ZN,Kohli Inc,and Sons,33,25-11-2024,Active,91411714
12FVFEU8899O1ZU,"Sundaram, Sanghvi and Minhas",Ltd,36,03-03-2021,Active,161042963
05GFPYJ6220G1ZK,"Verma, Jhaveri and Maharaj",and Sons,32,19-08-2022,Active,181279456
20SDOVY1377U1ZN,"Gour, Pillai and Bhardwaj",Inc,18,25-09-2022,Active,77104893
22WMJHO1688E1ZR,"Luthra, Johal and Bakshi",and Sons,13,22-12-2024,Active,398818766
05SXWQV5720I1ZR,Naidu Ltd,and Sons,35,22-01-2025,Active,356064258
10JFUTH4535V1ZH,Patil PLC,LLC,11,27-01-2025,Suspended,80360940
29EOOWD7907H1ZC,Sandhu-Magar,PLC,17,17-04-2021,Active,130637819
03RNUKX8061Q1ZU,Kant PLC,LLC,18,28-12-2021,Active,315650386
35OJJPX0292M1ZL,Mishra-Shankar,Inc,23,23-02-2025,Active,430554731
31XAWLF5211T1ZW,Majumdar Ltd,Ltd,8,09-12-2021,Active,227594024
22SMMFE8005F1ZE,"Sibal, Sodhi and Chand",Group,33,27-03-2022,Active,483243356
37DEXNK9687J1ZC,Sachdev and Sons,and Sons,14,28-06-2023,Active,330626108
31WEVPU8162X1ZV,"Rajagopal, Suresh and Vaidya",and Sons,22,28-12-2021,Active,325261411
05FKCFW5410P1ZT,"Palan, Tripathi and Gola",Group,3,12-05-2022,Suspended,275222810
08CRXOA9644B1ZW,"Choudhury, Ratti and Sehgal",Group,34,20-08-2024,Active,128204492
31UJPTT6014H1ZC,Sawhney Ltd,Group,19,21-11-2022,Cancelled,475710330
35KESUP1066K1ZN,"Sarraf, Ravi and Borra",Group,24,09-08-2023,Active,88096117
28QGWLJ2674Z1ZR,"Tara, Khatri and Subramanian",LLC,31,15-05-2021,Active,203756573
36OGHIS7867O1ZZ,Mital-Banerjee,LLC,11,02-06-2024,Active,120136336
33KIOSS1900E1ZP,Loyal-Boase,LLC,28,22-07-2024,Active,39402934
17FCAJZ6575Y1ZF,Murty-Wason,Group,32,12-09-2022,Active,10750103
13WYNFU5666L1ZH,Chaudhry and Sons,PLC,1,24-04-2022,Active,51623376
18UJKPN7002R1ZS,Kant LLC,PLC,23,08-09-2024,Active,442826218
18FZLKA1555K1ZD,Shankar-Dyal,PLC,33,08-06-2022,Active,475359611
35VOSZO7794O1ZS,"Srinivasan, Mohan and Parikh",LLC,2,14-05-2024,Active,67421069
17BQZRF3950I1ZH,Gour Inc,Group,19,29-01-2024,Active,219174252
22BYMJX2969P1ZX,Vora and Sons,PLC,13,26-11-2021,Active,399830473
16WFFGQ1196V1ZP,Sekhon Group,Group,1,06-04-2023,Suspended,27689841
31JIXWO2175M1ZH,Dewan-Narayanan,Group,37,29-10-2024,Active,34070577
34UMONK6196O1ZK,"Narayan, Thaker and Shenoy",PLC,1,29-07-2023,Active,366906326
14JCJWE2293F1ZP,Raja Ltd,Ltd,28,23-02-2023,Active,229998808
24JKLOZ6878R1ZN,Deo LLC,LLC,25,17-12-2024,Active,83299258
10MAKDX6534I1ZR,"Deep, Rajagopalan and Sharaf",PLC,37,09-05-2023,Active,218890395
07RBVMQ4335Z1ZI,Baria-Sankar,PLC,23,06-03-2023,Active,226062454
08JRPOQ5923Q1ZP,Patel LLC,PLC,29,27-08-2022,Active,209585934
19MYWQY4649C1ZF,Soni and Sons,LLC,22,09-02-2023,Active,173299400
21QSPKX7975O1ZN,"Bhasin, Chakraborty and Dhar",Inc,11,10-02-2022,Active,463601494
02DGGTT2309P1ZR,"Yogi, Mand and Tara",PLC,4,05-07-2023,Active,418891883
26NZCQC9327O1ZU,Patla-Chand,and Sons,9,20-09-2022,Active,287792636
11ARWIM9524W1ZR,Krishnamurthy-Khatri,LLC,12,16-12-2022,Cancelled,325825572
30QQONQ3358O1ZJ,"Atwal, Hari and Sant",Group,24,23-06-2024,Active,144482844
10HAVWI4099P1ZJ,Parekh Ltd,PLC,1,28-12-2021,Active,433404078
19PUOEW4276M1ZH,Madan-Suri,Inc,17,30-01-2024,Active,231688042
16NUPSH6521C1ZF,Sahni and Sons,Inc,9,26-05-2023,Active,64247112
30QHQEA0511I1ZE,Munshi LLC,Group,29,09-03-2021,Active,129989186
06DMIIU9473Y1ZE,"Dyal, Thakkar and Bansal",Inc,4,25-01-2022,Active,421425485
26BMEVV8172Y1ZO,Bhandari Group,Ltd,16,24-03-2021,Active,111933880
30TCRFK9917X1ZR,Divan-Bobal,Inc,34,19-01-2023,Active,140996241
31QFXWF1631I1ZS,Ramaswamy-Hayer,PLC,8,12-03-2024,Active,428668340
16ABUMP3010T1ZK,"Jayaraman, Parekh and Vohra",Group,4,25-09-2024,Active,195867099
10SUDGZ7784G1ZA,Rege LLC,Group,25,16-09-2024,Active,393908839
09GBSOO4553O1ZI,"Rau, Maharaj and Bhagat",and Sons,36,23-09-2023,Active,41977834
34EHGJA6310L1ZY,"Vora, Reddy and Arya",Ltd,16,30-11-2021,Active,392085841
05ROKNM5636D1ZD,"Sha, Puri and Chopra",Inc,34,21-06-2021,Active,28502736
09EACEA6346S1ZI,Dada-Bala,Group,4,29-06-2023,Active,123499643
05AXRYV4637N1ZL,Keer-Parekh,Ltd,4,01-12-2024,Cancelled,147708683
34BBHYY0751Q1ZV,Mann Inc,PLC,16,19-01-2022,Cancelled,340718828
12OOTTO6741Z1ZF,Vora-Shankar,LLC,36,20-10-2024,Active,275954875
22RNPYX5984U1ZN,Shroff and Sons,Group,21,23-05-2021,Cancelled,134236939
37OJOTJ4900J1ZT,Pandit Group,PLC,2,07-06-2023,Suspended,77523585
20AZFIU9895S1ZS,Basak LLC,Group,10,13-02-2023,Active,25259523
30JDJPG8039X1ZC,Tara-Wali,Ltd,21,19-12-2023,Active,97826316
32VROXP3750B1ZY,"Deo, Chowdhury and Bumb",Ltd,22,25-03-2024,Active,477335001
28KWWFQ6073J1ZQ,Keer LLC,Group,3,19-07-2024,Active,294872565
37DNFBT3455H1ZN,Soman-Brar,PLC,19,10-07-2022,Active,84463552
09IMTOG3467P1ZR,Bala-Chand,and Sons,13,08-07-2021,Active,217235166
37FQTGB7390V1ZN,"Sinha, Wadhwa and Prasad",and Sons,28,30-08-2023,Active,191996359
13IPAHZ6941B1ZH,"Nath, Thaman and Palla",Inc,13,06-01-2025,Active,88747145
06CBYYW8061O1ZP,Nadkarni-Talwar,and Sons,2,25-12-2024,Active,117211142
35FOTOQ9663V1ZQ,Choudhry Ltd,Ltd,3,29-07-2023,Active,96439665
04HUQBR0328V1ZL,Narula-Memon,PLC,7,28-05-2024,Active,162032367
25GJZCI8515O1ZR,Kari-Mittal,PLC,2,28-06-2023,Active,137817640
34HMTAR3399I1ZZ,"Badami, Hayer and Palla",LLC,4,19-05-2023,Active,476736271
25XVAOH1860M1ZQ,"Dasgupta, Subramaniam and Dave",Group,15,16-12-2024,Active,134042727
37DZXIO2158E1ZJ,"Toor, Kalla and Basak",Ltd,34,05-09-2024,Active,235889008
10ROEBN7181A1ZY,"Sathe, Garg and Swaminathan",and Sons,21,18-08-2021,Active,225789109
20LYXYH7117T1ZT,Morar-Barad,Ltd,18,26-05-2021,Cancelled,309428942
15PGACU1846F1ZM,Mahal-Parmer,and Sons,32,02-09-2024,Active,78826583
11FATAH4797C1ZF,Maharaj-Rai,Inc,29,27-11-2023,Cancelled,268036088
21WXLUP8739S1ZT,"Oza, Prakash and Iyer",and Sons,35,23-12-2023,Suspended,349345686
03NLVBZ5375Q1ZY,Zachariah-Dora,PLC,4,07-03-2021,Active,161325730
29KHVLK6051U1ZO,Tata and Sons,Group,6,04-07-2023,Suspended,65758535
12UYSDK4157G1ZO,Aurora and Sons,LLC,6,17-02-2024,Active,178986320
11SDCLJ5375F1ZM,"Aggarwal, Dani and Madan",and Sons,36,27-10-2023,Active,28571897
11XORDW1743Y1ZO,Buch-Kunda,Ltd,19,12-05-2022,Active,68111309
09YATAM4864G1ZS,"Joshi, Bhatia and Reddy",PLC,31,14-07-2022,Active,225198338
29CPGOQ5801U1ZL,"Bawa, Salvi and Bhandari",Ltd,3,12-09-2024,Active,463396110
03RVHXB4166W1ZW,"Prabhu, Trivedi and Narain",and Sons,37,23-11-2021,Suspended,100251242
30TJATI8878C1ZJ,Misra-Narang,Ltd,31,24-07-2022,Active,70510723
18IKFFB5950X1ZW,"Gour, Shetty and Bawa",Group,19,26-07-2023,Active,331870959
21GOQYP4748T1ZH,Hans-Khurana,LLC,19,22-01-2022,Active,5848748
08AQDWU9435U1ZG,Jain LLC,Group,1,04-10-2023,Active,375450090
19GBHOT1335A1ZF,Mahajan Inc,and Sons,13,04-04-2023,Active,452656550
22XMMAD1488O1ZZ,Borra and Sons,Ltd,27,22-10-2022,Active,453343979
34HSINF6783E1ZI,"Krish, Gulati and Mammen",PLC,2,15-08-2024,Active,206455859
35VOKPW7730N1ZC,Mangat-Devi,Ltd,32,16-12-2023,Active,204492413
29VHNEJ0205Z1ZP,"Kashyap, Chaudhari and Dube",LLC,33,03-05-2021,Active,107119119
22YTNUD8896E1ZG,"Dugar, Parmer and Patla",and Sons,3,02-03-2024,Active,213084837
34DIBWW3817X1ZJ,Shukla Inc,LLC,2,18-01-2025,Cancelled,412213269
20QFFHN7621D1ZA,Sinha and Sons,Group,36,02-02-2025,Suspended,59962318
14OOHYU5138R1ZO,Deo Group,LLC,4,09-08-2023,Active,20565329
31XBJCK7866O1ZT,"Iyengar, Gulati and Gara",Group,23,06-09-2024,Active,183419433
13SRNZT4189O1ZD,Mukherjee-Gala,Group,30,20-12-2022,Active,372476313
30MYDXG3193K1ZO,Mohanty-Thaker,and Sons,32,14-11-2023,Active,40092673
31CMVHJ5547D1ZK,Pant-Bawa,Group,36,15-04-2021,Active,430433121
20NKKQO9338S1ZN,Morar-Karnik,Ltd,28,07-08-2023,Cancelled,427692843
22OGRCY5454R1ZD,Bedi Inc,Ltd,29,18-01-2023,Active,170375417
26BCVUJ4608S1ZY,"Bhattacharyya, Karnik and Agarwal",LLC,1,28-12-2024,Active,359807999
10LHQLF8276N1ZW,"Bose, Jayaraman and Sama",PLC,23,09-01-2024,Active,317849165
01PNWWB9905L1ZD,Behl Inc,and Sons,19,12-09-2021,Active,131294142
28SKIJJ5641M1ZL,"Behl, Patla and Sur",PLC,27,03-02-2023,Active,159871617
09DBASM4906N1ZO,Mangat LLC,and Sons,28,02-08-2023,Cancelled,101527981
30NOLJE6582Q1ZI,"Sibal, Ramachandran and Sankaran",PLC,27,24-01-2025,Suspended,314426815
24AAMJP9075Y1ZY,Dora LLC,Group,18,21-10-2021,Active,282535177
06NPGQR6655T1ZB,Ghose-Date,Inc,22,22-04-2023,Suspended,422968574
01MNMTK9720T1ZX,Naik-Bail,LLC,20,17-10-2021,Cancelled,144824347
04QPORH7041C1ZZ,Sarraf Group,Inc,18,15-05-2022,Active,76156205
18HGTPX7631Z1ZW,Prakash LLC,and Sons,16,01-02-2024,Active,102071193
34WICDY1497H1ZV,Parekh Inc,PLC,29,29-10-2022,Active,118202853
37TIQTD1337Y1ZR,Shanker-Shetty,Ltd,15,18-01-2025,Active,371956615
25MDWAY4696B1ZD,Varghese-Dhar,and Sons,35,06-05-2023,Active,458247514
28PQHHU2546H1ZX,Nori-Sridhar,Inc,13,06-12-2023,Suspended,186143788
12IAABK5637I1ZG,"Cheema, Loyal and Bahl",and Sons,3,13-08-2022,Active,337536352
06BPXFP1906M1ZV,Chhabra-Deep,LLC,37,24-10-2023,Active,486037215
08SGMYQ9249Y1ZY,"Mannan, Sarkar and Sane",PLC,21,24-08-2022,Active,91954849
05HBKZG8109G1ZT,Varghese PLC,Group,26,29-11-2023,Active,351541143
32COLPC4200X1ZI,"Badal, Sur and Naik",PLC,29,01-11-2023,Active,486311424
32DQYRG7955Y1ZP,"Shankar, Dugal and Chada",Group,31,15-05-2024,Active,221849007
05OAYVM5936M1ZB,Raval Group,PLC,6,05-03-2022,Active,292025305
22CLTQE0316D1ZU,Prashad Group,Group,23,23-02-2022,Active,50560196
29TDFSP4053R1ZZ,"Dhar, Mohan and Dixit",Ltd,29,18-05-2022,Active,24887139
22BUBDU6468E1ZX,"Rajagopal, Radhakrishnan and Chahal",Inc,15,15-03-2021,Active,24798547
10MAXQG6069Z1ZD,Baria and Sons,Group,30,14-02-2022,Cancelled,96638167
05VCMUF8489V1ZM,"Bala, Doshi and Grover",PLC,21,12-11-2024,Active,372267155
37OIZFB1027F1ZW,"Jain, Chadha and Ranganathan",LLC,24,10-05-2021,Suspended,93586989
29GPDUQ3180A1ZF,"Mann, Bansal and Swaminathan",and Sons,6,23-06-2024,Cancelled,481158940
19KUUSF6549T1ZW,Handa LLC,and Sons,3,04-01-2022,Cancelled,101637015
32PCVHK5199T1ZL,Arya-Datta,and Sons,35,28-09-2024,Suspended,122722977
30URHFU6941V1ZB,Mand-Doctor,PLC,4,12-07-2023,Active,158042849
14LIUTB7917P1ZQ,Sethi-Jani,Group,8,10-04-2021,Active,485541973
16SPIFR3730X1ZN,Amble-Vohra,and Sons,13,24-08-2024,Active,483548021
15BPBLF6134G1ZU,Jhaveri Group,and Sons,23,10-12-2023,Active,113561146
22DRBDW4138T1ZF,Ganguly and Sons,Ltd,11,13-07-2021,Cancelled,301758422
15CWMZP8277H1ZH,"Wable, Anand and Cheema",and Sons,21,11-09-2023,Active,316098993
15XPDOA9047B1ZN,Gera Group,and Sons,34,09-12-2023,Active,262305766
07LGOAT9126C1ZA,Dani Group,Group,31,15-03-2023,Active,91867232
30WTALU8473O1ZW,Lalla PLC,LLC,1,25-06-2021,Active,211630483
22NHTSP5266K1ZX,Bahri Group,LLC,4,15-03-2023,Suspended,493554738
24XCJQJ1507G1ZE,"Nayak, Mani and Master",and Sons,22,22-07-2021,Active,294713707
08QTTWS7738Q1ZV,Bhatia-Mallick,PLC,28,17-12-2022,Active,34237989
05JLNVM5884L1ZZ,Gour-Divan,Ltd,5,19-10-2022,Active,483836888
30CKEYC1111G1ZQ,Chaudry PLC,Inc,2,15-02-2025,Active,228626414
35YMKTA1088Q1ZU,Edwin PLC,LLC,22,02-01-2025,Active,315689671
22RUMRN5458J1ZF,Ramanathan-Gera,LLC,17,21-08-2022,Active,264976042
24ZUBJL1972F1ZW,Memon-Kapoor,PLC,10,24-01-2023,Active,132724451
08BIDGE5033L1ZO,"Prasad, Parmer and Bath",PLC,35,02-05-2024,Active,291497383
20DAYTY9195Q1ZK,"Gill, Bal and Mistry",and Sons,19,24-03-2022,Active,486024233
19ZTZRU7931P1ZB,"Bains, Saha and Baral",Group,9,01-09-2022,Suspended,67747379
20AQFJI6157Y1ZI,"Merchant, Vohra and Dutta",Inc,13,10-02-2023,Active,49876797
35WRYZK4650V1ZL,Chauhan-Zachariah,and Sons,26,10-08-2023,Active,389380121
28JJHJZ8074N1ZZ,Luthra-Ganesh,and Sons,29,07-05-2024,Active,92934270
28SKVPD3953S1ZY,Chana-Gopal,LLC,25,20-03-2024,Active,8553476
27QHEMO9182P1ZB,"Nadig, Brahmbhatt and Narang",Ltd,20,01-05-2021,Cancelled,168162790
32OMAAG9846J1ZN,Randhawa PLC,Inc,12,26-03-2022,Active,491830888
16ATMZP3442V1ZP,Rastogi-Chatterjee,Group,8,04-04-2024,Active,280160228
37AGPDL6303U1ZL,Ben-Dua,LLC,4,16-04-2022,Active,161585971
34QBFQT5133V1ZZ,Keer-Mani,Ltd,20,29-03-2024,Active,372994793
24CPVAN3439D1ZG,"Pant, Sankaran and Deo",Inc,10,11-05-2022,Suspended,123709407
13UORYV7784C1ZD,Mammen-Dube,Ltd,9,03-06-2022,Active,262439391
23IJVXP7370D1ZH,Nagarajan-Barad,Group,9,28-05-2021,Active,374392504
15HFZLT1044G1ZD,"Chada, Jain and Bahl",PLC,3,19-12-2022,Suspended,323459033
04MXBHA0165G1ZF,Roy-Dugar,and Sons,23,13-05-2021,Active,53736774
10VYYJE5725D1ZS,Deol-Srinivas,and Sons,1,23-06-2023,Suspended,121499953
13ZETAS9984W1ZS,"Radhakrishnan, Goda and Buch",LLC,12,09-01-2022,Active,366596355
07EJJFF1911E1ZP,Viswanathan LLC,Inc,24,11-01-2025,Active,304108030
03CMKLT6824N1ZG,Ravel-Shroff,LLC,5,15-06-2024,Active,369605736
24EZMCL6014S1ZD,Hegde-Tella,Ltd,11,18-04-2023,Active,200265312
13IPZDV7275I1ZY,"Shankar, Balakrishnan and Choudhry",Group,26,05-05-2021,Active,260457289
26ZNDLD4290X1ZB,Bhalla and Sons,Group,5,22-03-2022,Active,369056160
02ZJRDQ0077Z1ZO,Barad-Raja,PLC,13,18-02-2022,Active,360458598
32MGIWO9049M1ZO,Chacko-Sundaram,Inc,21,27-01-2022,Active,242595520
30AERUX1433Y1ZD,Arora-Grover,LLC,37,22-09-2022,Active,359376992
36ROMWN3496L1ZY,Palan-Loyal,Inc,19,19-03-2024,Active,37976747
02PDJVP7634L1ZN,Vora PLC,Ltd,23,30-08-2024,Active,360000524
16GQPXB3303O1ZV,Subramanian and Sons,Group,28,10-05-2021,Cancelled,281359575
27GSPZJ3581V1ZG,Dani-Bhandari,Group,22,04-02-2022,Active,274921794
22EHZFQ9082I1ZB,Viswanathan Inc,Inc,20,28-11-2024,Cancelled,220836790
15QYSPP2554L1ZZ,Kashyap PLC,LLC,5,26-05-2022,Active,275926285
20LOFKQ4710W1ZQ,Koshy-Ahluwalia,Group,12,28-07-2023,Cancelled,273007910
14RVYGQ8899X1ZU,"Sheth, Amble and Deshpande",and Sons,4,04-01-2024,Suspended,112722088
24MGTTV4896N1ZI,Garg PLC,PLC,19,12-07-2023,Active,142678738
16KCEGV4546B1ZG,Prabhakar-Bora,Inc,11,24-11-2023,Active,78245636
02GUREW9408C1ZK,"Wable, Dalal and Korpal",Inc,20,01-05-2022,Active,488492457
27XRXKV8255D1ZQ,Sem and Sons,LLC,34,18-04-2024,Active,271530154
06GDUIP3724E1ZD,Kapur Ltd,Ltd,12,30-03-2022,Active,152396477
29KWBNS1542I1ZZ,"Varghese, Jha and Muni",and Sons,10,25-11-2021,Active,260132749
24VAZPV6967H1ZI,Gara and Sons,and Sons,36,19-05-2023,Active,171037261
24XRNGL0999J1ZC,Sarna-Bansal,Ltd,16,21-03-2022,Active,117950386
11XQWTK0889P1ZX,Kade-Chaudhary,PLC,27,19-04-2021,Active,390143686
28WVVSN3687O1ZW,Varkey LLC,Ltd,2,12-10-2021,Active,349334396
12QUDKQ3015Y1ZU,Dar Group,Ltd,9,30-03-2024,Cancelled,373161041
27UIMTG6871N1ZL,Devan-Baria,and Sons,12,31-12-2021,Active,475508306
25YWFYY6699G1ZI,Vaidya-Wali,Ltd,11,18-09-2022,Active,220303977
28PDYEO0579V1ZP,Walia-Mani,Ltd,8,18-10-2024,Active,388091601
14EWUHM1869J1ZX,Ratta-Sahni,and Sons,13,06-03-2021,Active,101835338
27UAZGL2560P1ZE,"Padmanabhan, Gulati and Sachdeva",PLC,21,07-12-2021,Active,373751100
14SSTGC0329T1ZV,Khalsa-Sule,Group,3,14-09-2022,Active,141181002
33QHKJZ5525K1ZO,Oza PLC,LLC,9,16-11-2024,Active,175358475
34LGIZM9234I1ZT,Banik Group,Group,17,19-12-2024,Suspended,173046135
28XIZTD8670E1ZB,Dhar-Reddy,and Sons,15,20-02-2024,Active,24253398
31GSLZY0374P1ZD,Kata-Kade,LLC,10,01-10-2022,Active,192692382
06FHVTV5629A1ZQ,"Loke, Nadig and Barad",LLC,37,17-01-2024,Active,228563241
05GMCIH9139D1ZK,"Tiwari, Lala and Bala",Inc,10,19-01-2024,Active,48520493
30VRLYP0969K1ZX,"Mangat, Sura and Basak",Ltd,37,14-06-2022,Active,118476718
04UHUTO6022Y1ZM,Chandra Ltd,PLC,6,02-08-2023,Active,462599685
14EUHTR1448J1ZV,Dua-Kale,Ltd,9,29-08-2023,Active,362298489
